addr	size	name	confidence	args	ret	callers	callees	frame	saved	tags
0x80012ED8	384	func_80012ED8	medium	0	u32	1	36	24	s0|ra	gp
0x80013058	144	func_80013058	verified	0	u32	1	5	32	s0|s1|s2|ra	
0x80013138	436	func_80013138	low	0	u32	1	8	0	s0|s1|s2|s3|ra	gp|orphan
0x800132EC	856	func_800132EC	low	1	u32	1	6	0	s0|s1|s2|s3|s4|s5|s6|s7|ra	orphan
0x80013644	36	func_80013644	medium	0	void	0	1	24	ra	gp|orphan
0x80013668	44	func_80013668	low	1	u32	23	0	0		leaf|orphan
0x80013694	64	func_80013694	medium	0	u32	1	1	32	ra	orphan
0x800136D4	44	func_800136D4	low	1	u32	0	0	0		leaf|orphan
0x80013700	44	func_80013700	low	1	u32	9	0	0		leaf|orphan
0x8001372C	44	func_8001372C	low	1	u32	0	0	0		leaf|orphan
0x80013758	64	func_80013758	low	1	u32	3	0	0		leaf|orphan
0x800137D8	44	func_800137D8	low	1	u32	3	0	0		leaf|orphan
0x80013804	44	func_80013804	low	1	u32	5	0	0		leaf|orphan
0x80013830	104	func_80013830	low	1	u32	2	0	0		leaf|orphan
0x80013898	120	func_80013898	low	1	u32	1	0	0		leaf|orphan
0x80013910	92	func_80013910	low	1	u32	1	0	0		leaf|orphan
0x8001396C	84	func_8001396C	low	1	u32	0	0	0		leaf|orphan
0x800139C0	80	func_800139C0	low	1	u32	0	0	0		leaf|orphan
0x80013A10	120	func_80013A10	low	1	u32	0	0	0		leaf|orphan
0x80013A88	92	func_80013A88	low	1	u32	1	0	0		leaf|orphan
0x80013AE4	84	func_80013AE4	low	1	u32	0	0	0		leaf|orphan
0x80013B38	92	func_80013B38	low	1	u32	0	0	0		leaf|orphan
0x80013BE8	92	func_80013BE8	low	1	u32	1	0	0		leaf|orphan
0x80013C44	84	func_80013C44	low	1	u32	0	0	0		leaf|orphan
0x80013C98	92	func_80013C98	low	1	u32	0	0	0		leaf|orphan
0x80013CF4	80	func_80013CF4	low	1	u32	0	0	0		leaf|orphan
0x80013D44	64	func_80013D44	low	1	u32	0	0	0		leaf|orphan
0x80013D84	68	func_80013D84	low	1	u32	0	0	0		leaf|orphan
0x80013DC8	40	func_80013DC8	low	2	u32	0	0	0		leaf|orphan
0x80013DF0	52	func_80013DF0	low	2	u32	4	0	0		leaf|orphan
0x80013E24	52	func_80013E24	low	2	u32	1	0	0		leaf|orphan
0x800150DC	412	func_800150DC	medium	1	u32	0	1	24	s0|ra	orphan
0x80015278	360	func_80015278	medium	1	u32	1	1	24	s0|ra	orphan
0x800153E0	292	func_800153E0	medium	1	u32	0	1	56	s0|s1|s2|s3|s4|s5|s6|s7|fp|ra	orphan
0x80015504	420	func_80015504	medium	2	u32	0	9	48	s0|s1|s2|s3|s4|s5|ra	gp|orphan
0x800156A8	184	func_800156A8	low	0	u32	0	0	0		leaf|orphan
0x80015760	396	func_80015760	medium	0	u32	0	1	40	s0|s1|s2|s3|ra	gp|orphan
0x800158EC	184	func_800158EC	low	0	u32	0	0	0		leaf|orphan
0x800159A4	68	func_800159A4	medium	0	u32	0	1	24	ra	gp|orphan
0x800159E8	52	func_800159E8	medium	0	u32	0	1	24	ra	gp|orphan
0x80015B80	80	func_80015B80	low	1	u32	0	0	0		leaf|orphan
0x80015EFC	356	func_80015EFC	medium	2	u32	0	8	48	s0|s1|s2|s3|s4|s5|s6|ra	orphan
0x80016060	784	func_80016060	medium	1	u32	0	3	72	s0|s1|s2|ra	gp|orphan
0x80016370	788	func_80016370	medium	1	u32	0	2	24	s0|ra	gp|orphan
0x80016684	140	func_80016684	medium	4	u32	2	1	40	s0|s1|s2|s3|s4|ra	orphan
0x80016710	72	func_80016710	low	3	u32	1	0	0		leaf|orphan
0x80016758	64	func_80016758	low	0	u32	1	0	0		leaf|orphan
0x80016798	348	func_80016798	medium	2	u32	9	0	32	s0|s1|ra	orphan|indirect
0x800173D0	416	func_800173D0	medium	1	u32	0	7	64	s0|s1|s2|s3|ra	gp|orphan
0x80017F7C	1924	func_80017F7C	medium	2	u32	0	6	120	s0|s1|s2|s3|s4|s5|s6|s7|ra	gp|orphan
0x80018700	536	func_80018700	medium	1	u32	0	7	32	s0|s1|s2|ra	orphan|indirect
0x80018918	264	func_80018918	medium	1	u32	0	4	32	s0|s1|ra	orphan
0x80018A20	96	func_80018A20	medium	0	u32	1	3	24	s0|ra	gp|orphan
0x80018A80	176	func_80018A80	low	1	u32	1	0	0		leaf|gp|orphan
0x80018C84	76	func_80018C84	medium	1	u32	0	2	24	ra	orphan
0x80018E40	84	func_80018E40	medium	1	u32	1	1	24	s0|ra	orphan|indirect
0x80018E94	168	func_80018E94	medium	1	u32	0	1	32	s0|s1|ra	orphan
0x80018F3C	92	func_80018F3C	medium	1	u32	2	1	32	s0|s1|ra	orphan
0x800190E4	136	func_800190E4	medium	1	u32	0	0	32	s0|s1|ra	orphan|indirect
0x80019464	272	func_80019464	medium	1	u32	0	3	144	s0|s1|s2|s3|ra	orphan
0x80019894	348	func_80019894	medium	1	u32	0	3	144	s0|s1|s2|s3|ra	orphan
0x80019D1C	272	func_80019D1C	medium	1	u32	0	3	144	s0|s1|s2|s3|ra	orphan
0x8001A3BC	912	func_8001A3BC	medium	1	u32	0	4	152	s0|s1|s2|s3|s4|s5|s6|ra	orphan
0x8001ACB4	260	func_8001ACB4	medium	1	u32	0	3	144	s0|s1|s2|s3|ra	orphan
0x8001ADB8	60	func_8001ADB8	low	0	u32	0	0	0		leaf|orphan
0x8001B2BC	356	func_8001B2BC	medium	1	u32	0	4	72	s0|s1|s2|s3|s4|ra	orphan
0x8001B420	320	func_8001B420	medium	1	u32	0	2	48	s0|s1|s2|s3|s4|s5|ra	orphan
0x8001B560	164	func_8001B560	medium	0	u32	0	5	40	s0|s1|s2|s3|ra	orphan
0x8001B604	56	func_8001B604	low	1	u32	0	0	0		leaf|orphan
0x8001CAC8	108	func_8001CAC8	low	1	u32	0	0	0		leaf|orphan
0x8001CB34	116	func_8001CB34	low	1	u32	0	0	0		leaf|orphan
0x8001D0B8	168	func_8001D0B8	medium	1	u32	0	1	32	s0|ra	orphan
0x8001DDFC	64	func_8001DDFC	low	0	u32	0	0	0		leaf|orphan
0x8001E49C	1036	func_8001E49C	medium	2	u32	12	5	32	s0|s1|ra	orphan
0x8001E8A8	656	func_8001E8A8	medium	1	u32	1	2	56	s0|s1|s2|ra	orphan
0x8001EB38	996	func_8001EB38	medium	1	u32	1	2	24	s0|ra	orphan
0x8001EF1C	460	func_8001EF1C	medium	2	u32	2	2	32	s0|s1|ra	orphan
0x8001F5B0	304	func_8001F5B0	medium	1	u32	0	3	40	s0|s1|s2|s3|s4|ra	orphan
0x800200AC	592	func_800200AC	medium	1	u32	1	3	64	s0|s1|s2|s3|s4|s5|s6|s7|fp|ra	orphan
0x800202FC	312	func_800202FC	medium	1	u32	1	6	32	s0|s1|ra	orphan
0x80020434	452	func_80020434	medium	1	u32	0	5	32	s0|s1|ra	orphan
0x800205F8	408	func_800205F8	medium	1	u32	0	4	32	s0|s1|ra	orphan
0x80020790	1652	func_80020790	medium	1	u32	1	14	56	s0|s1|s2|s3|s4|ra	orphan
0x80020E04	416	func_80020E04	medium	1	u32	1	5	56	s0|s1|s2|s3|s4|ra	orphan
0x80021778	424	func_80021778	medium	1	u32	1	3	64	s0|s1|s2|s3|s4|s5|ra	orphan
0x80022270	312	func_80022270	medium	1	u32	0	2	48	s0|s1|s2|s3|s4|s5|ra	orphan
0x80026BE0	368	func_80026BE0	medium	1	u32	0	2	32	s0|ra	orphan
0x80026D50	4540	func_80026D50	medium	3	u32	1	8	152	s0|s1|s2|s3|s4|s5|s6|s7|ra	gp|orphan
0x80027F0C	532	func_80027F0C	medium	1	u32	1	7	64	s0|s1|s2|s3|ra	orphan
0x80028120	1232	func_80028120	medium	1	u32	0	10	40	s0|s1|s2|s3|ra	orphan
0x800285F0	608	func_800285F0	medium	1	u32	0	2	40	s0|s1|ra	orphan
0x80028850	1028	func_80028850	low	1	u32	0	8	0	s0|s1|ra	orphan
0x80028C70	40	func_80028C70	low	1	u32	1	0	0		leaf|orphan
0x80028D44	48	func_80028D44	medium	2	u32	1	1	24	ra	orphan
0x80028D74	120	func_80028D74	medium	1	u32	0	2	32	s0|s1|ra	gp|orphan
0x80028DEC	32	func_80028DEC	medium	0	void	1	1	24	ra	orphan
0x80028E0C	36	func_80028E0C	medium	0	void	1	1	24	ra	orphan
0x80028E30	88	func_80028E30	low	0	u32	1	0	0		leaf|orphan
0x80029018	164	func_80029018	medium	1	u32	1	0	32	s0|s1|ra	orphan|indirect
0x800290BC	228	func_800290BC	medium	2	u32	0	6	40	s0|s1|s2|s3|ra	orphan
0x800291A0	244	func_800291A0	medium	1	u32	1	3	32	s0|s1|s2|ra	orphan
0x80029294	108	func_80029294	medium	0	u32	1	1	24	ra	orphan
0x80029300	168	func_80029300	low	2	u32	1	0	0		leaf|orphan
0x800293A8	84	func_800293A8	medium	1	u32	2	1	24	s0|ra	orphan|indirect
0x800293FC	56	func_800293FC	medium	1	u32	1	1	24	ra	orphan
0x80029434	212	func_80029434	medium	2	u32	2	2	40	s0|s1|s2|ra	orphan
0x80029508	88	func_80029508	medium	1	u32	0	1	24	ra	orphan
0x80029560	224	func_80029560	medium	1	u32	0	1	48	s0|s1|s2|s3|ra	orphan
0x80029640	172	func_80029640	low	1	u32	0	0	0		leaf|orphan
0x800296EC	188	func_800296EC	medium	1	u32	0	2	40	s0|s1|ra	orphan
0x800297A8	140	func_800297A8	medium	1	u32	1	2	32	ra	orphan
0x80029924	172	func_80029924	medium	1	u32	0	5	32	s0|s1|ra	orphan
0x800299D0	356	func_800299D0	medium	3	u32	2	2	48	s0|s1|s2|s3|s4|s5|s6|ra	orphan
0x80029B34	236	func_80029B34	medium	2	u32	0	1	32	s0|s1|ra	orphan
0x80029C20	36	func_80029C20	low	2	u32	3	0	0		leaf|orphan
0x8002A230	452	func_8002A230	medium	2	u32	0	1	24	s0|ra	gp|orphan
0x8002A3F4	268	func_8002A3F4	medium	1	u32	0	2	32	s0|s1|s2|ra	orphan
0x8002A500	356	func_8002A500	medium	3	u32	0	3	144	s0|s1|s2|s3|ra	gp|orphan
0x8002A664	160	func_8002A664	medium	2	u32	2	2	32	ra	gp|addr_taken|orphan
0x8002A704	36	func_8002A704	medium	0	void	0	2	24	ra	orphan
0x8002A728	784	func_8002A728	medium	4	u32	0	3	80	s0|s1|s2|s3|s4|ra	orphan
0x8002B0AC	220	func_8002B0AC	medium	0	u32	1	1	32	s0|ra	orphan
0x8002B188	772	func_8002B188	medium	0	u32	0	3	48	ra	gp|orphan
0x8002B48C	328	func_8002B48C	medium	0	u32	1	1	24	ra	orphan
0x8002B5D4	76	func_8002B5D4	low	0	u32	1	0	0		leaf|orphan
0x8002B620	48	func_8002B620	low	1	u32	2	0	0		leaf|orphan
0x8002C028	168	func_8002C028	medium	1	u32	0	4	32	s0|s1|s2|ra	orphan
0x8002C0D0	80	func_8002C0D0	low	1	u32	0	0	0		leaf|orphan
0x8002CDC4	84	func_8002CDC4	low	1	u32	0	0	0		leaf|orphan
0x8002CE18	216	func_8002CE18	medium	2	u32	0	1	24	s0|ra	orphan
0x8002CEF0	572	func_8002CEF0	high	0	u32	2	0	0		leaf
0x8002D418	284	func_8002D418	low	0	u32	0	0	0		leaf|orphan
0x8002D534	252	func_8002D534	medium	1	u32	0	1	24	s0|ra	gp|orphan
0x8002E428	616	func_8002E428	medium	1	u32	0	3	80	s0|s1|s2|s3|ra	orphan
0x8002F0E4	280	func_8002F0E4	medium	1	u32	0	1	32	s0|s1|s2|ra	orphan
0x8002F83C	832	func_8002F83C	medium	4	u32	0	9	96	s0|s1|s2|s3|s4|s5|s6|s7|fp|ra	orphan
0x8002FFB0	256	func_8002FFB0	medium	1	u32	0	1	32	s0|s1|ra	orphan
0x800300B0	28	func_800300B0	low	1	u32	0	0	0		leaf|orphan
0x800300CC	80	func_800300CC	low	1	u32	0	0	0		leaf|orphan
0x80030C2C	76	func_80030C2C	low	1	u32	0	0	0		leaf|orphan
0x80030C78	164	func_80030C78	medium	1	u32	0	1	24	s0|ra	orphan
0x80031280	360	func_80031280	medium	1	u32	0	3	72	s0|s1|s2|s3|s4|s5|s6|s7|fp|ra	orphan
0x80031664	104	func_80031664	low	2	u32	0	0	0		leaf|orphan
0x80032330	56	func_80032330	low	2	u32	0	1	0	ra	orphan
0x80032368	64	func_80032368	low	4	u32	0	0	0		leaf|orphan
0x800323A8	244	func_800323A8	medium	1	u32	0	4	48	s0|s1|s2|s3|s4|s5|ra	orphan
0x80033AD0	436	func_80033AD0	medium	2	u32	0	8	40	s0|s1|s2|ra	orphan
0x80033C84	208	func_80033C84	medium	1	u32	0	2	32	s0|s1|s2|ra	orphan
0x80033D54	208	func_80033D54	medium	2	u32	1	0	16		leaf|orphan
0x80033E24	660	func_80033E24	medium	1	u32	0	3	56	s0|s1|s2|s3|s4|s5|s6|s7|ra	orphan
0x80034520	128	func_80034520	low	1	u32	0	0	0		leaf|orphan
0x800345A0	132	func_800345A0	low	1	u32	0	0	0		leaf|orphan
0x80034624	136	func_80034624	medium	0	u32	0	1	24	ra	orphan
0x800346AC	120	func_800346AC	medium	1	u32	0	1	32	s0|s1|s2|ra	orphan
0x80034724	256	func_80034724	medium	1	u32	0	4	48	s0|s1|s2|s3|s4|s5|ra	orphan
0x80034824	168	func_80034824	medium	2	u32	0	1	32	s0|s1|ra	orphan
0x80035248	160	func_80035248	medium	3	u32	0	2	48	s0|s1|s2|s3|s4|ra	orphan
0x800352E8	160	func_800352E8	medium	3	u32	0	2	48	s0|s1|s2|s3|s4|ra	orphan
0x80035388	76	func_80035388	medium	1	u32	0	1	32	s0|s1|ra	orphan
0x80036AA0	1412	func_80036AA0	medium	1	u32	0	3	88	s0|s1|s2|s3|s4|s5|ra	orphan
0x80037024	360	func_80037024	medium	1	u32	0	2	40	s0|s1|s2|s3|s4|ra	orphan
0x8003718C	356	func_8003718C	medium	1	u32	0	2	40	s0|s1|s2|s3|s4|ra	orphan
0x800372F0	476	func_800372F0	medium	1	u32	0	3	48	s0|s1|s2|s3|s4|s5|ra	orphan
0x800374CC	456	func_800374CC	low	0	u32	2	0	0		leaf|orphan
0x80037694	96	func_80037694	medium	0	u32	0	1	24	ra	orphan
0x800376F4	44	func_800376F4	low	2	u32	1	0	0		leaf|orphan
0x80037720	52	func_80037720	low	3	u32	0	0	0		leaf|orphan
0x800388C4	356	func_800388C4	medium	1	u32	0	2	40	s0|s1|s2|s3|s4|ra	orphan
0x80039748	1448	func_80039748	medium	1	u32	0	3	88	s0|s1|s2|s3|s4|s5|ra	orphan
0x80039CF0	36	func_80039CF0	low	0	u32	0	0	0		leaf|orphan
0x8003AE78	1192	func_8003AE78	high	0	u32	3	25	0	s0|s1|s2|s3|s4|s5|ra	gp|addr_taken
0x8003B320	204	func_8003B320	verified	0	u32	1	7	32	ra	gp
0x8003B518	332	func_8003B518	verified	1	u32	1	2	48	s0|s1|ra	gp
0x8003B664	208	func_8003B664	high	0	u32	1	3	0	s0|ra	gp
0x8003B734	404	func_8003B734	high	0	u32	1	2	0	s0|s1|s2|ra	gp
0x8003B8C8	68	func_8003B8C8	low	1	u32	0	1	0	s0|ra	gp|orphan
0x8003B90C	28	func_8003B90C	low	0	u32	0	0	0		leaf|gp|orphan
0x8003B928	12	func_8003B928	low	0	u32	0	0	0		leaf|gp|orphan
0x8003B934	28	func_8003B934	low	0	u32	0	0	0		leaf|gp|orphan
0x8003B950	156	func_8003B950	medium	0	u32	1	7	32	s0|ra	gp|orphan
0x8003B9EC	136	func_8003B9EC	verified	2	u32	1	5	40	s0|s1|ra	gp
0x8003BA74	116	func_8003BA74	verified	1	u32	2	3	32	s0|ra	
0x8003BAE8	96	func_8003BAE8	high	4	u32	1	0	0		leaf|gp
0x8003BB48	132	func_8003BB48	verified	1	u32	1	3	32	s0|s1|s2|ra	gp
0x8003BBCC	148	func_8003BBCC	verified	1	u32	1	0	8		leaf
0x8003BC60	240	func_8003BC60	medium	2	u32	0	9	40	s0|s1|s2|s3|s4|ra	orphan
0x8003BD50	172	func_8003BD50	high	0	u32	1	0	0		leaf
0x8003BDFC	396	func_8003BDFC	verified	4	u32	1	4	56	s0|s1|s2|s3|s4|s5|s6|s7|fp|ra	
0x8003BF88	268	func_8003BF88	medium	3	u32	0	2	32	s0|s1|s2|ra	orphan
0x8003C0E4	2252	func_8003C0E4	medium	1	u32	17	4	40	s0|s1|s2|s3|s4|ra	gte|gp|orphan
0x8003C9B0	1908	func_8003C9B0	low	1	u32	4	0	0		leaf|gp|orphan
0x8003D124	1176	func_8003D124	medium	1	u32	8	1	40	s0|s1|s2|s3|s4|ra	gp|orphan
0x8003D5BC	2456	func_8003D5BC	medium	1	u32	1	4	32	s0|s1|s2|ra	gte|gp|orphan
0x8003DF54	1872	func_8003DF54	low	1	u32	6	0	0		leaf|gp|orphan
0x8003E6A4	28	func_8003E6A4	high	0	u32	1	0	0		leaf|gp
0x8003E6C0	68	func_8003E6C0	low	1	u32	23	0	0		leaf|orphan
0x8003E704	256	func_8003E704	medium	4	u32	1	2	48	s0|s1|s2|s3|s4|ra	orphan
0x8003E804	76	func_8003E804	low	1	u32	6	0	0		leaf|orphan
0x8003E850	196	func_8003E850	high	0	u32	1	2	0	s0|s1|ra	gp
0x8003E914	296	func_8003E914	medium	0	u32	1	3	24	s0|ra	gp|addr_taken|orphan
0x8003EA3C	844	func_8003EA3C	low	0	u32	1	1	0	ra	gp|orphan
0x8003ED88	312	func_8003ED88	low	1	u32	0	2	0	s0|s1|ra	gp|orphan|indirect
0x800400C8	260	func_800400C8	medium	1	u32	0	3	40	s0|ra	gp|orphan
0x80040AB8	780	func_80040AB8	medium	4	u32	2	2	0	s0|ra	gp|addr_taken|orphan
0x80042A54	736	func_80042A54	low	3	u32	0	2	0		gp|orphan
0x80042FF0	92	func_80042FF0	low	3	u32	0	0	0		leaf|gp|orphan
0x80044428	2072	func_80044428	medium	2	u32	2	12	104	s0|s1|s2|s3|s4|s5|s6|s7|ra	gp|addr_taken|orphan
0x80044C40	16	func_80044C40	medium	0	u32	1	0	24		leaf|orphan
0x80044C50	1776	func_80044C50	low	3	u32	1	2	0	s0|s1|s2|s3|ra	gp|orphan
0x80045340	1040	func_80045340	low	0	u32	1	4	0	s0|ra	gp|orphan
0x80045750	416	func_80045750	medium	0	u32	1	1	24	s0|ra	orphan
0x800458F0	776	func_800458F0	medium	2	u32	2	2	72	s0|s1|s2|s3|s4|s5|s6|s7|fp|ra	gp|orphan
0x80045BF8	756	func_80045BF8	medium	3	u32	1	2	104	s0|s1|s2|s3|s4|s5|s6|s7|fp|ra	gp|orphan
0x80045EEC	396	func_80045EEC	medium	4	u32	1	3	56	s0|s1|s2|s3|s4|s5|s6|s7|ra	gp|orphan
0x80046078	988	func_80046078	medium	4	u32	2	4	72	s0|s1|s2|s3|s4|s5|s6|s7|fp|ra	gp|orphan
0x80046454	320	func_80046454	medium	2	u32	0	1	48	s0|s1|s2|s3|s4|ra	orphan
0x80046594	284	func_80046594	low	3	u32	3	0	0		leaf|gp|orphan
0x800466B0	440	func_800466B0	medium	4	u32	16	1	48	s0|s1|s2|s3|s4|s5|s6|ra	orphan
0x80046868	460	func_80046868	medium	4	u32	1	2	64	s0|s1|s2|s3|s4|s5|s6|s7|ra	gp|orphan
0x80046A34	276	func_80046A34	low	2	u32	1	0	0		leaf|orphan
0x80046B48	2152	func_80046B48	medium	3	u32	1	3	168	s0|s1|s2|s3|s4|s5|s6|s7|fp|ra	gp|orphan
0x800473B0	424	func_800473B0	low	2	u32	0	0	0		leaf|gp|orphan
0x80047558	572	func_80047558	medium	4	u32	0	1	64	s0|s1|s2|s3|s4|s5|s6|s7|fp|ra	gp|orphan
0x80047794	328	func_80047794	low	1	u32	3	0	0		leaf|orphan
0x800478DC	28	func_800478DC	low	2	u32	0	0	0		leaf|gp|orphan
0x800478F8	108	func_800478F8	medium	0	u32	0	1	40	ra	gp|orphan
0x80047964	220	func_80047964	medium	3	u32	0	1	32	s0|s1|s2|ra	gp|orphan
0x80047A40	160	func_80047A40	low	0	u32	0	0	0	s0|s1|s2|ra	gp|orphan|indirect
0x80047E44	180	func_80047E44	medium	0	u32	1	3	40	s0|s1|s2|s3|ra	gp|orphan
0x80047EF8	340	func_80047EF8	medium	4	u32	3	2	32	s0|s1|ra	gp|orphan
0x8004804C	280	func_8004804C	medium	2	u32	3	1	56	s0|s1|s2|s3|s4|s5|ra	gp|orphan
0x80048164	192	func_80048164	medium	2	u32	5	1	32	s0|s1|ra	orphan
0x80048224	204	func_80048224	medium	2	u32	0	1	40	s0|ra	orphan
0x800482F0	100	func_800482F0	low	2	u32	0	0	0		leaf|orphan
0x80048354	320	func_80048354	medium	4	u32	1	1	48	s0|s1|s2|s3|s4|s5|s6|ra	gp|orphan
0x80048494	176	func_80048494	medium	2	u32	2	1	48	s0|s1|ra	orphan
0x80048544	12	func_80048544	low	0	void	0	0	0		leaf|gp|orphan
0x80048550	156	func_80048550	medium	1	u32	0	1	24	ra	gp|orphan
0x800489B0	284	func_800489B0	medium	1	u32	0	3	40	s0|s1|s2|s3|ra	orphan
0x80048ACC	400	func_80048ACC	medium	1	u32	0	1	24	ra	orphan
0x80048C5C	844	func_80048C5C	medium	1	u32	0	5	48	s0|s1|s2|s3|ra	orphan
0x80048FA8	476	func_80048FA8	medium	1	u32	0	5	32	s0|s1|s2|ra	orphan
0x80049184	640	func_80049184	medium	1	u32	3	7	56	s0|s1|s2|s3|s4|s5|ra	orphan
0x80049404	788	func_80049404	medium	1	u32	0	4	32	s0|s1|s2|ra	orphan
0x80049718	164	func_80049718	low	1	u32	0	0	0		leaf|orphan|indirect
0x800497F8	8	func_800497F8	low	0	u32	0	0	0		leaf|orphan
0x80049800	208	func_80049800	medium	1	u32	0	1	24	ra	orphan
0x800498D0	32	func_800498D0	medium	0	void	0	1	24	ra	orphan
0x800498F0	32	func_800498F0	medium	0	void	0	1	24	ra	orphan
0x80049910	120	func_80049910	medium	1	u32	0	2	32	s0|s1|ra	orphan
0x80049988	1012	func_80049988	low	0	u32	0	3	0	ra	gp|orphan
0x80049D7C	1380	func_80049D7C	low	0	u32	0	5	0	s0|s1|s2|s3|ra	gp|orphan
0x8004A2E0	340	func_8004A2E0	medium	2	u32	1	2	80	s0|s1|s2|s3|s4|s5|s6|ra	gp|orphan
0x8004A434	308	func_8004A434	medium	2	u32	2	1	32	s0|s1|ra	gp|orphan
0x8004A568	692	func_8004A568	low	2	u32	1	3	0	s0|s1|ra	gp|orphan
0x8004A82C	108	func_8004A82C	low	0	u32	1	0	0		leaf|gp|orphan
0x8004A898	112	func_8004A898	low	0	u32	1	0	0		leaf|gp|orphan
0x8004A908	32	func_8004A908	medium	0	u32	1	1	24	ra	orphan
0x8004A928	144	func_8004A928	low	3	u32	3	0	0		leaf|orphan
0x8004A9B8	156	func_8004A9B8	medium	3	u32	1	1	40	s0|s1|ra	orphan
0x8004AEA4	132	func_8004AEA4	low	1	u32	0	0	0		leaf|gp|orphan
0x8004B8B8	112	func_8004B8B8	medium	3	u32	0	2	32	s0|s1|s2|ra	orphan
0x8004B928	48	func_8004B928	medium	1	void	1	1	24	s0|ra	orphan
0x8004B958	116	func_8004B958	verified	1	u32	1	2	24	ra	gp
0x8004B9F8	104	func_8004B9F8	verified	2	u32	10	2	32	s0|s1|s2|ra	
0x8004BA60	144	func_8004BA60	high	1	u32	9	1	0	s0|s1|s2|ra	gp
0x8004BAF0	104	func_8004BAF0	verified	1	u32	14	2	32	s0|s1|ra	
0x8004BB58	116	func_8004BB58	high	1	u32	15	1	0	s0|s1|s2|ra	gp
0x8004BBCC	64	func_8004BBCC	verified	1	u32	3	1	24	s0|ra	
0x8004BC2C	104	func_8004BC2C	high	0	u32	1	1	0	s0|s1|ra	gp
0x8004BC94	64	func_8004BC94	high	0	u32	2	0	0		leaf|gp
0x8004BCD4	412	func_8004BCD4	verified	3	u32	1	11	32	s0|s1|s2|ra	gp
0x8004BE70	24	func_8004BE70	high	1	void	1	0	0		leaf|gp
0x8004BE88	24	func_8004BE88	high	1	u32	3	0	0		leaf|gp
0x8004BEA0	12	func_8004BEA0	high	0	u32	1	0	0		leaf|gp
0x8004BEAC	240	func_8004BEAC	verified	2	u32	5	1	40	s0|s1|s2|s3|ra	
0x8004BF9C	80	func_8004BF9C	verified	1	void	2	2	24	s0|ra	
0x8004BFEC	12	func_8004BFEC	low	0	u32	0	0	0		leaf|gp|orphan
0x8004BFF8	172	func_8004BFF8	verified	1	u32	2	2	32	s0|s1|ra	gp|indirect
0x8004C0A4	80	func_8004C0A4	medium	1	u32	0	2	24	ra	orphan
0x8004C0F4	80	func_8004C0F4	medium	1	u32	19	2	24	ra	orphan
0x8004C144	112	func_8004C144	verified	2	u32	3	0	24	s0|ra	indirect
0x8004C1B4	40	func_8004C1B4	low	1	void	1	1	0	ra	gp|orphan
0x8004C1DC	208	func_8004C1DC	medium	2	u32	2	0	24	s0|ra	orphan|indirect
0x8004C2AC	40	func_8004C2AC	low	1	void	4	1	0	ra	gp|orphan
0x8004C2D4	212	func_8004C2D4	medium	2	u32	2	0	24	s0|ra	orphan|indirect
0x8004C3A8	76	func_8004C3A8	verified	1	u32	2	1	24	s0|ra	
0x8004C3F4	36	func_8004C3F4	low	0	void	0	1	0	ra	gp|orphan
0x8004C418	20	func_8004C418	low	1	u32	2	0	0		leaf|orphan
0x8004C450	308	func_8004C450	verified	1	u32	4	3	32	s0|s1|s2|ra	indirect
0x8004C584	36	func_8004C584	low	1	u32	0	0	0		leaf|orphan
0x8004C88C	608	func_8004C88C	medium	1	u32	0	4	40	s0|s1|s2|s3|ra	orphan
0x8004CAEC	288	func_8004CAEC	low	0	u32	0	1	0	s0|s1|ra	orphan
0x8004CC0C	84	func_8004CC0C	medium	0	u32	0	2	24	s0|ra	gp|orphan
0x8004CC60	184	func_8004CC60	medium	2	u32	1	0	32	s0|s1|ra	orphan|indirect
0x8004CD18	52	func_8004CD18	low	1	u32	1	0	0		leaf|orphan
0x8004CE60	80	func_8004CE60	medium	1	u32	0	0	24	ra	orphan|indirect
0x8004D3B4	196	func_8004D3B4	medium	0	u32	1	1	32	s0|s1|ra	orphan
0x8004D478	232	func_8004D478	medium	1	u32	0	1	32	s0|s1|ra	orphan
0x8004D560	668	func_8004D560	medium	1	u32	0	1	48	s0|s1|s2|s3|s4|s5|ra	orphan
0x8004EA10	172	func_8004EA10	medium	1	u32	0	4	32	s0|s1|ra	orphan
0x8004EABC	188	func_8004EABC	medium	1	u32	1	2	24	s0|ra	orphan
0x8004EB78	436	func_8004EB78	medium	1	u32	0	5	32	s0|s1|s2|ra	orphan
0x8004ED2C	68	func_8004ED2C	medium	0	u32	2	2	24	s0|ra	gp|orphan
0x8004ED70	240	func_8004ED70	medium	2	u32	4	3	32	s0|s1|ra	orphan
0x8004EE60	136	func_8004EE60	medium	1	u32	3	0	32	s0|s1|ra	orphan|indirect
0x8004F200	236	func_8004F200	medium	1	u32	1	1	32	s0|s1|ra	orphan
0x8004F454	172	func_8004F454	medium	1	u32	0	1	48	s0|s1|s2|s3|ra	orphan
0x8004F500	24	func_8004F500	low	1	u32	1	0	0		leaf|orphan
0x8004F6D0	588	func_8004F6D0	medium	2	u32	0	5	64	s0|s1|s2|s3|s4|s5|s6|s7|ra	gp|orphan
0x8004F91C	1088	func_8004F91C	medium	3	u32	0	7	56	s0|s1|s2|s3|s4|s5|s6|ra	gp|orphan
0x8004FF44	88	func_8004FF44	medium	0	u32	0	2	24	s0|ra	gp|orphan
0x8004FF9C	120	func_8004FF9C	low	2	u32	2	0	0		leaf|orphan
0x800501D0	268	func_800501D0	medium	2	u32	2	7	32	s0|s1|s2|ra	orphan
0x80050448	152	func_80050448	medium	1	u32	0	0	32	s0|s1|ra	orphan|indirect
0x800504E0	96	func_800504E0	medium	0	u32	0	1	32	s0|s1|ra	orphan
0x80050540	140	func_80050540	medium	1	u32	0	4	32	s0|s1|ra	orphan
0x80051D74	284	func_80051D74	medium	1	u32	0	3	40	s0|s1|s2|s3|s4|ra	orphan
0x80052054	280	func_80052054	medium	1	u32	0	5	48	s0|s1|s2|s3|s4|s5|s6|ra	gp|orphan
0x8005310C	764	func_8005310C	medium	1	u32	0	5	176	s0|s1|s2|s3|s4|s5|s6|ra	orphan
0x8005451C	76	func_8005451C	medium	0	u32	1	3	24	s0|ra	gp|orphan
0x80054568	160	func_80054568	medium	2	u32	1	0	32	s0|s1|s2|ra	orphan|indirect
0x80054608	16	func_80054608	low	0	u32	1	0	0		leaf|orphan
0x80054618	56	func_80054618	low	2	u32	0	0	0		leaf|orphan
0x80054768	92	func_80054768	medium	1	u32	2	1	32	s0|s1|ra	orphan
0x8005515C	64	func_8005515C	low	1	u32	0	0	0		leaf|orphan
0x80055F0C	76	func_80055F0C	medium	1	u32	0	3	24	s0|ra	orphan
0x8005605C	144	func_8005605C	medium	1	u32	0	0	32	s0|s1|ra	orphan|indirect
0x800560EC	200	func_800560EC	medium	1	u32	0	4	24	s0|ra	orphan
0x80056720	264	func_80056720	medium	1	u32	0	5	32	s0|s1|ra	orphan
0x80056828	340	func_80056828	low	0	u32	0	5	0	s0|s1|ra	gp|orphan
0x8005697C	316	func_8005697C	low	1	u32	1	3	0	s0|s1|s2|s3|s4|s5|ra	gp|orphan
0x80056AB8	276	func_80056AB8	medium	0	u32	1	4	24	s0|ra	gp|orphan
0x80056C1C	80	func_80056C1C	medium	2	u32	0	1	24	s0|ra	orphan
0x80056C6C	232	func_80056C6C	medium	1	u32	1	4	40	s0|s1|s2|s3|s4|ra	gp|orphan
0x80056D54	36	func_80056D54	low	0	u32	2	0	0		leaf|orphan
0x80056D78	12	func_80056D78	low	0	u32	1	0	0		leaf|gp|orphan
0x80056D84	192	func_80056D84	low	1	u32	0	1	0	s0|s1|s2|s3|s4|ra	gp|orphan
0x80056E44	136	func_80056E44	medium	1	u32	5	0	32	s0|s1|ra	orphan|indirect
0x80056ECC	100	func_80056ECC	medium	1	u32	0	2	32	s0|s1|ra	orphan
0x80056F30	204	func_80056F30	medium	1	u32	0	1	24	s0|ra	gp|orphan
0x80056FFC	200	func_80056FFC	medium	1	u32	0	1	32	s0|s1|ra	orphan
0x800570C4	80	func_800570C4	low	0	u32	1	0	0		leaf|orphan
0x800572E8	208	func_800572E8	low	0	u32	0	1	0	ra	orphan
0x800573B8	308	func_800573B8	low	1	u32	0	3	0	s0|ra	orphan
0x800574EC	176	func_800574EC	low	0	u32	0	0	0		leaf|orphan
0x8005759C	12	func_8005759C	low	1	u32	1	0	0		leaf|orphan
0x800575A8	104	func_800575A8	low	0	u32	1	1	0	ra	orphan
0x80057610	120	func_80057610	low	0	u32	0	1	0	ra	orphan
0x80057688	56	func_80057688	low	0	u32	0	0	0		leaf|orphan
0x800576C0	272	func_800576C0	medium	4	u32	4	4	32	s0|ra	orphan
0x800577D0	1512	func_800577D0	verified	0	u32	2	2	56	s0|s1|s2|s3|s4|s5|s6|s7|ra	gp
0x80057DB8	312	func_80057DB8	verified	2	u32	1	3	32	s0|s1|s2|ra	
0x80057EF0	208	func_80057EF0	verified	0	u32	1	4	24	s0|ra	gp
0x80057FE0	12	func_80057FE0	high	0	u32	2	0	0		leaf|gp
0x80057FEC	48	func_80057FEC	high	1	u32	3	0	0		leaf|gp
0x8005801C	84	func_8005801C	verified	0	u32	1	1	24	ra	gp
0x80058070	76	func_80058070	high	0	u32	1	3	0	ra	gp
0x800580BC	28	func_800580BC	low	0	u32	1	0	0		leaf|gp|orphan
0x800580D8	28	func_800580D8	high	0	u32	1	0	0		leaf|gp
0x800580F4	336	func_800580F4	verified	0	u32	1	4	40	s0|s1|ra	gp
0x80058594	132	func_80058594	verified	0	u32	1	8	32	ra	
0x80058734	36	func_80058734	high	3	u32	1	0	0		leaf
0x80058900	144	func_80058900	verified	0	u32	2	6	32	s0|s1|ra	gp
0x800589E4	36	func_800589E4	verified	0	void	1	1	24	ra	
0x80058AB4	180	func_80058AB4	verified	0	u32	1	3	32	s0|s1|ra	gp
0x80058B68	48	func_80058B68	verified	0	void	1	3	24	ra	
0x80058B98	144	func_80058B98	verified	0	u32	1	3	48	s0|s1|s2|ra	
0x80058C48	456	func_80058C48	high	0	u32	1	0	0		leaf
0x80058E10	176	func_80058E10	high	0	u32	3	1	0	ra	gp
0x80058EC0	280	func_80058EC0	low	0	u32	0	2	0	ra	gp|orphan
0x80058FD8	144	func_80058FD8	verified	0	u32	1	12	24	ra	gp
0x80059068	44	func_80059068	verified	1	void	1	1	24	ra	gp
0x80059094	12	func_80059094	low	0	u32	1	0	0		leaf|gp|orphan
0x800590A0	48	func_800590A0	low	2	u32	2	0	0		leaf|gp|orphan
0x800590D0	52	func_800590D0	high	1	u32	1	0	0		leaf|gp
0x80059104	80	func_80059104	high	0	u32	1	1	0	s0|ra	gp
0x80059154	100	func_80059154	verified	0	u32	2	1	32	s0|s1|ra	gp
0x8005921C	68	func_8005921C	low	0	u32	1	1	0	ra	gp|orphan
0x80059260	44	func_80059260	high	1	u32	2	0	0		leaf|gp
0x8005928C	44	func_8005928C	low	0	u32	1	0	0		leaf|gp|orphan
0x800592C4	40	func_800592C4	verified	2	void	3	1	24	ra	gp
0x800592EC	36	func_800592EC	medium	1	void	1	1	24	ra	gp|orphan
0x80059334	120	func_80059334	verified	1	u32	2	3	32	s0|ra	gp
0x800593B8	128	func_800593B8	verified	0	u32	1	5	24	s0|ra	gp
0x80059438	336	func_80059438	medium	2	u32	2	5	40	s0|s1|s2|s3|ra	orphan
0x80059588	256	func_80059588	medium	1	u32	2	4	32	s0|s1|s2|ra	orphan
0x80059688	284	func_80059688	medium	1	u32	1	1	24	s0|ra	orphan
0x800597A4	252	func_800597A4	high	0	u32	1	2	0	s0|s1|s2|s3|s4|ra	
0x800598A0	232	func_800598A0	medium	1	u32	2	2	32	s0|s1|ra	orphan
0x80059988	44	func_80059988	verified	0	void	1	1	24	ra	
0x800599B4	148	func_800599B4	high	0	u32	1	0	0		leaf|gp
0x80059A48	184	func_80059A48	medium	1	u32	1	2	32	s0|s1|ra	orphan
0x80059B00	40	func_80059B00	low	2	u32	1	0	0		leaf|orphan
0x80059B28	56	func_80059B28	low	1	u32	1	0	0		leaf|orphan
0x80059B60	236	func_80059B60	high	0	u32	4	5	0	s0|s1|s2|s3|s4|ra	
0x80059CC4	104	func_80059CC4	medium	1	u32	1	3	32	s0|s1|ra	orphan
0x80059DEC	176	func_80059DEC	medium	3	u32	3	4	40	s0|s1|s2|s3|s4|ra	orphan
0x80059F48	156	func_80059F48	medium	2	u32	2	4	40	s0|s1|s2|s3|ra	orphan
0x80059FE4	80	func_80059FE4	medium	1	u32	1	2	32	s0|s1|ra	orphan
0x8005A034	112	func_8005A034	low	0	u32	1	0	0		leaf|orphan
0x8005A0A4	116	func_8005A0A4	high	1	u32	1	0	0		leaf|gp
0x8005A118	140	func_8005A118	low	1	u32	5	0	0		leaf|gp|orphan
0x8005A1F4	384	func_8005A1F4	medium	2	u32	2	6	48	s0|s1|s2|s3|s4|s5|ra	gp|orphan
0x8005A374	244	func_8005A374	medium	1	u32	2	3	32	s0|s1|ra	gp|orphan
0x8005A468	96	func_8005A468	verified	0	u32	1	1	24	ra	gp
0x8005A4C8	208	func_8005A4C8	medium	1	u32	2	3	32	s0|s1|s2|ra	orphan
0x8005A598	140	func_8005A598	medium	1	u32	2	1	32	s0|s1|ra	orphan
0x8005A624	132	func_8005A624	medium	1	u32	1	2	32	s0|s1|ra	orphan
0x8005A6A8	192	func_8005A6A8	high	0	u32	1	2	0	s0|s1|s2|s3|ra	gp
0x8005A768	32	func_8005A768	low	1	u32	1	0	0		leaf|orphan
0x8005A798	196	func_8005A798	high	0	u32	1	1	0	s0|s1|s2|ra	gp
0x8005A85C	36	func_8005A85C	medium	1	void	1	1	24	ra	orphan
0x8005A880	36	func_8005A880	medium	1	void	3	1	24	ra	orphan
0x8005A8A4	48	func_8005A8A4	medium	1	u32	1	1	24	ra	orphan
0x8005A8D4	68	func_8005A8D4	low	1	u32	1	0	0		leaf|orphan
0x8005A918	36	func_8005A918	high	0	u32	6	0	0		leaf|gp
0x8005A94C	96	func_8005A94C	medium	1	u32	0	1	24	ra	gp|orphan
0x8005A9AC	116	func_8005A9AC	low	1	u32	1	0	0		leaf|gp|orphan
0x8005AA20	24	func_8005AA20	low	0	u32	1	0	0		leaf|gp|orphan
0x8005AA38	24	func_8005AA38	low	0	u32	1	0	0		leaf|gp|orphan
0x8005AA50	24	func_8005AA50	low	0	u32	1	0	0		leaf|gp|orphan
0x8005AA68	12	func_8005AA68	low	0	u32	1	0	0		leaf|gp|orphan
0x8005AA74	216	func_8005AA74	medium	2	u32	2	1	40	s0|s1|s2|ra	gp|orphan
0x8005AB4C	332	func_8005AB4C	low	1	u32	1	5	0	s0|s1|s2|ra	gp|orphan
0x8005AC98	724	func_8005AC98	low	1	u32	1	11	0	s0|s1|s2|ra	gp|orphan
0x8005AF6C	1152	func_8005AF6C	low	1	u32	1	18	0	s0|s1|s2|ra	gp|orphan
0x8005B3EC	92	func_8005B3EC	verified	0	void	1	3	24	s0|ra	gp
0x8005B448	300	func_8005B448	medium	3	u32	5	5	48	s0|s1|s2|s3|s4|s5|ra	gp|orphan
0x8005B574	76	func_8005B574	verified	0	u32	13	1	24	ra	
0x8005B5C0	76	func_8005B5C0	medium	0	u32	1	1	24	ra	orphan
0x8005B60C	24	func_8005B60C	high	0	u32	3	0	0		leaf|gp
0x8005B624	44	func_8005B624	high	1	u32	10	0	0		leaf
0x8005B650	256	func_8005B650	low	0	u32	0	5	0	s0|ra	gp|orphan
0x8005B750	84	func_8005B750	low	1	u32	1	0	0		leaf|gp|orphan
0x8005B7A4	88	func_8005B7A4	high	2	u32	9	0	0		leaf|gp
0x8005B7FC	88	func_8005B7FC	low	2	u32	1	0	0		leaf|gp|orphan
0x8005B854	124	func_8005B854	low	4	u32	1	0	0		leaf|gp|orphan
0x8005B924	216	func_8005B924	medium	1	u32	1	2	32	s0|s1|s2|ra	gp|orphan
0x8005B9FC	208	func_8005B9FC	low	1	u32	1	2	0	s0|s1|ra	gp|orphan
0x8005BACC	276	func_8005BACC	verified	3	u32	1	8	72	s0|s1|s2|s3|ra	
0x8005BBE0	100	func_8005BBE0	verified	1	u32	5	1	32	s0|s1|s2|ra	
0x8005BC44	120	func_8005BC44	medium	2	u32	2	1	24	ra	orphan
0x8005BCBC	136	func_8005BCBC	high	0	u32	2	0	0		leaf
0x8005BD44	12	func_8005BD44	low	0	void	0	0	0		leaf|gp|orphan
0x8005BD60	116	func_8005BD60	low	2	u32	1	1	0	s0|s1|s2|s3|ra	gp|orphan
0x8005BDD4	84	func_8005BDD4	low	3	u32	3	1	0	ra	gp|orphan
0x8005BE28	60	func_8005BE28	low	0	u32	0	0	0		leaf|orphan
0x8005BE64	44	func_8005BE64	low	1	u32	2	0	0		leaf|orphan
0x8005BE90	44	func_8005BE90	low	1	u32	29	0	0		leaf|orphan
0x8005BEBC	288	func_8005BEBC	low	1	u32	0	0	0		leaf|orphan
0x8005BFDC	36	func_8005BFDC	low	2	u32	18	0	0		leaf|orphan
0x8005C000	116	func_8005C000	low	2	u32	5	0	0		leaf|orphan
0x8005C074	124	func_8005C074	low	3	u32	0	0	0		leaf|orphan
0x8005C0F0	68	func_8005C0F0	low	2	u32	0	0	0		leaf|orphan
0x8005C134	20	func_8005C134	low	2	u32	0	0	0		leaf|orphan
0x8005C148	48	func_8005C148	low	3	u32	3	0	0		leaf|orphan
0x8005C1A4	228	func_8005C1A4	medium	3	u32	9	2	40	s0|s1|s2|s3|ra	orphan
0x8005C288	328	func_8005C288	medium	2	u32	10	1	56	s0|s1|s2|s3|s4|s5|ra	orphan
0x8005C3D0	72	func_8005C3D0	high	3	u32	5	0	0		leaf
0x8005C418	20	func_8005C418	high	0	u32	1	0	0		leaf|gp
0x8005C42C	44	func_8005C42C	medium	0	u32	0	1	24	ra	orphan
0x8005C458	48	func_8005C458	low	0	u32	3	0	0		leaf|gp|orphan
0x8005C488	24	func_8005C488	low	0	u32	2	0	0		leaf|gp|orphan
0x8005C4A0	108	func_8005C4A0	verified	0	u32	1	2	24	ra	gp
0x8005D354	452	func_8005D354	medium	0	u32	0	0	8		leaf|orphan
0x8005D518	1608	func_8005D518	low	1	u32	1	34	0	s0|s1|s2|s3|ra	gp|orphan
0x8005EDE0	52	func_8005EDE0	low	0	u32	0	1	0	ra	gp|orphan
0x8005EE14	740	func_8005EE14	medium	1	u32	8	0	8		leaf|gp|orphan
0x8005F0F8	316	func_8005F0F8	low	1	u32	5	0	0		leaf|gp|orphan
0x8005F234	312	func_8005F234	medium	2	u32	2	1	40	s0|s1|s2|s3|ra	gp|orphan
0x8005F36C	992	func_8005F36C	low	0	u32	1	8	0	s0|s1|ra	gp|orphan
0x8005F74C	64	func_8005F74C	low	2	u32	2	0	0		leaf|orphan
0x8005F78C	84	func_8005F78C	low	2	u32	12	0	0		leaf|orphan
0x8005F7E0	160	func_8005F7E0	low	1	u32	0	0	0		leaf|orphan
0x8005F880	212	func_8005F880	low	2	u32	6	0	0		leaf|orphan
0x8005F954	44	func_8005F954	low	3	u32	7	0	0		leaf|orphan
0x8005F980	44	func_8005F980	low	2	u32	5	0	0		leaf|orphan
0x8005F9AC	76	func_8005F9AC	medium	2	void	5	1	24	ra	orphan
0x8005F9F8	124	func_8005F9F8	low	3	u32	10	0	0		leaf|orphan
0x8005FA74	44	func_8005FA74	low	1	u32	1	0	0		leaf|gp|orphan
0x8005FAA0	36	func_8005FAA0	medium	0	void	0	1	24	ra	gp|orphan
0x8005FAC4	124	func_8005FAC4	high	0	void	1	5	0	s0|s1|s2|ra	gp
0x8005FB40	364	func_8005FB40	medium	0	u32	0	1	40	s0|s1|s2|s3|ra	gp|orphan
0x80060778	416	func_80060778	medium	1	u32	0	4	32	s0|s1|s2|ra	orphan
0x80060918	228	func_80060918	medium	0	u32	0	1	24	s0|ra	orphan
0x800609FC	964	func_800609FC	low	3	u32	0	8	0	s0|ra	gp|orphan
0x80060DC0	68	func_80060DC0	medium	0	u32	1	2	24	s0|ra	gp|orphan
0x80060E04	92	func_80060E04	medium	2	u32	1	1	32	s0|s1|ra	orphan
0x80060E60	108	func_80060E60	medium	2	u32	1	1	24	s0|ra	orphan
0x80060ECC	136	func_80060ECC	medium	1	u32	4	0	32	s0|s1|ra	orphan|indirect
0x800610EC	164	func_800610EC	medium	0	u32	1	1	32	ra	orphan
0x80061190	116	func_80061190	medium	1	u32	0	4	32	s0|s1|ra	orphan
0x80061398	52	func_80061398	medium	0	u32	0	1	24	s0|ra	orphan
0x800613CC	2056	func_800613CC	medium	1	u32	0	2	56	s0|s1|s2|s3|s4|s5|s6|s7|fp|ra	orphan
0x80061BD4	88	func_80061BD4	low	0	u32	1	0	0		leaf|gp|orphan
0x80061CC0	124	func_80061CC0	low	1	u32	0	0	0		leaf|orphan
0x80061D3C	176	func_80061D3C	low	1	u32	0	0	0		leaf|orphan
0x80061DEC	100	func_80061DEC	medium	1	u32	0	1	32	s0|s1|ra	orphan
0x80061E50	1348	func_80061E50	medium	1	u32	0	15	40	s0|s1|s2|s3|ra	orphan
0x80062394	460	func_80062394	medium	1	u32	0	8	24	s0|ra	orphan
0x80062560	236	func_80062560	low	2	u32	1	0	0		leaf|orphan
0x8006264C	236	func_8006264C	low	2	u32	1	0	0		leaf|orphan
0x800627EC	8	func_800627EC	low	0	void	0	0	0		leaf|orphan
0x800627F4	172	func_800627F4	low	0	u32	1	0	0		leaf|orphan
0x800628A0	172	func_800628A0	low	0	u32	1	0	0		leaf|orphan
0x8006294C	128	func_8006294C	medium	1	u32	0	1	32	s0|s1|ra	orphan
0x800629CC	80	func_800629CC	low	1	u32	0	2	0	s0|ra	orphan
0x80062A1C	260	func_80062A1C	low	4	u32	7	0	0		leaf|orphan
0x80062B78	312	func_80062B78	medium	1	u32	2	9	24	s0|ra	gp|orphan
0x80062CB0	856	func_80062CB0	high	0	u32	1	0	0	s0|s1|s2|s3	leaf|gp
0x80063008	368	func_80063008	medium	0	u32	1	3	56	s0|s1|s2|s3|s4|s5|s6|s7|fp|ra	gp|orphan
0x80063178	260	func_80063178	medium	0	u32	2	5	32	s0|s1|s2|ra	gp|orphan
0x8006327C	52	func_8006327C	low	0	u32	2	1	0	ra	gp|orphan
0x800632B0	12	func_800632B0	low	0	void	1	0	0		leaf|gp|orphan
0x800632BC	16	func_800632BC	high	0	u32	1	0	0		leaf|gp
0x800632CC	12	func_800632CC	low	1	void	1	0	0		leaf|gp|orphan
0x800632E4	20	func_800632E4	low	3	void	3	0	0		leaf|gp|orphan
0x800632F8	40	func_800632F8	low	2	void	2	0	0		leaf|gp|orphan
0x80063338	16	func_80063338	low	2	void	1	0	0		leaf|gp|orphan
0x80063348	24	func_80063348	low	2	void	1	0	0		leaf|gp|orphan
0x80063360	16	func_80063360	low	2	void	1	0	0		leaf|gp|orphan
0x80063370	324	func_80063370	medium	0	u32	1	3	24	ra	orphan
0x800634B4	220	func_800634B4	low	0	u32	0	5	0	s0|ra	gp|orphan
0x80063590	220	func_80063590	low	0	u32	0	4	0	s0|s1|s2|ra	gp|orphan
0x8006366C	104	func_8006366C	medium	0	u32	1	3	24	ra	orphan
0x800636D4	36	func_800636D4	low	1	u32	0	0	0		leaf|orphan
0x800636F8	140	func_800636F8	high	0	u32	1	0	0		leaf
0x800637A4	32	func_800637A4	medium	0	void	21	1	24	ra	orphan
0x800637C4	12	func_800637C4	high	1	void	1	0	0		leaf|gp
0x800637DC	44	func_800637DC	medium	0	u32	0	1	24	ra	gp|orphan
0x80063808	12	bios_B0_43_nextfile	verified	0	void	1	0	0		bios|leaf|orphan
0x80063818	412	func_80063818	medium	2	u32	1	2	40	s0|s1|s2|s3|ra	orphan
0x80063AB8	12	bios_B0_42_firstfile	verified	0	void	1	0	0		bios|leaf|orphan
0x80063AC8	96	func_80063AC8	high	2	u32	1	0	0		leaf
0x80063B28	176	func_80063B28	high	1	u32	4	0	0		leaf
0x80063BD8	328	func_80063BD8	high	1	u32	3	0	0		leaf
0x80063D28	52	func_80063D28	high	3	u32	5	0	0		leaf
0x80063D68	48	func_80063D68	low	3	u32	4	0	0		leaf|orphan
0x80063D98	48	func_80063D98	low	0	u32	2	0	0		leaf|orphan
0x80063DC8	12	func_80063DC8	low	1	void	0	0	0		leaf|orphan
0x80063DD8	164	func_80063DD8	medium	2	u32	5	1	32	s0|s1|s2|ra	orphan
0x80063E88	100	func_80063E88	high	3	u32	3	0	0		leaf
0x80063EF8	68	func_80063EF8	low	2	u32	4	0	0		leaf|orphan
0x80063F48	52	func_80063F48	high	1	u32	2	0	0		leaf
0x80063F88	52	func_80063F88	verified	1	void	1	2	24	s0|ra	
0x800640EC	124	func_800640EC	verified	2	u32	1	1	24	ra	
0x80064168	32	func_80064168	verified	0	void	1	1	24	ra	
0x80064224	36	func_80064224	verified	1	void	2	1	24	ra	
0x80064248	240	func_80064248	verified	1	u32	1	2	24	ra	
0x80064338	144	func_80064338	verified	2	u32	2	1	32	s0|s1|ra	
0x800643C8	140	func_800643C8	verified	2	u32	1	1	32	s0|s1|ra	
0x80064454	148	func_80064454	verified	0	u32	1	1	32	ra	
0x800644E8	148	func_800644E8	verified	0	u32	1	1	32	ra	
0x8006457C	24	func_8006457C	low	0	u32	0	0	0		leaf|orphan
0x80064594	124	func_80064594	verified	1	u32	2	1	24	ra	
0x80064618	60	func_80064618	verified	4	u32	37	1	24	ra	
0x80064658	1684	func_80064658	verified	3	u32	1	4	120	s0|s1|s2|s3|s4|s5|s6|s7|fp|ra	break
0x80064D68	80	func_80064D68	high	3	u32	1	0	0		leaf
0x80064DB8	252	func_80064DB8	verified	1	u32	3	2	24	s0|ra	
0x80064EB4	60	func_80064EB4	high	0	void	2	1	0	ra	
0x80065018	12	bios_B0_35_FileWrite	verified	0	void	2	0	0		bios|leaf
0x80065058	844	func_80065058	high	3	u32	1	0	0		leaf
0x800653A8	228	func_800653A8	high	1	u32	1	0	0		leaf
0x80065648	180	func_80065648	verified	4	u32	1	1	40	s0|s1|s2|s3|s4|ra	
0x80065738	372	func_80065738	verified	1	u32	1	5	32	s0|s1|ra	indirect
0x800658AC	92	func_800658AC	verified	1	u32	2	1	24	s0|ra	
0x80065A1C	152	func_80065A1C	verified	1	u32	5	2	32	s0|s1|ra	indirect
0x80065AB4	104	func_80065AB4	high	1	u32	3	1	0	s0|ra	indirect
0x80065B1C	284	func_80065B1C	verified	2	u32	5	1	32	s0|ra	
0x80065C38	144	func_80065C38	verified	4	u32	7	1	40	s0|s1|s2|s3|ra	indirect
0x80065D60	96	func_80065D60	verified	2	u32	4	1	32	s0|s1|ra	indirect
0x80065DC0	96	func_80065DC0	verified	2	u32	1	1	32	s0|s1|ra	indirect
0x80065FA0	172	func_80065FA0	high	2	u32	1	1	0	s0|s1|ra	indirect
0x800660A8	112	func_800660A8	high	1	u32	1	1	0	s0|ra	indirect
0x80066118	192	func_80066118	verified	1	u32	1	3	32	s0|s1|s2|ra	indirect
0x800662E4	1272	func_800662E4	verified	1	u32	1	3	32	s0|s1|s2|ra	indirect
0x80066BD4	624	func_80066BD4	verified	2	u32	1	5	40	s0|s1|ra	
0x80066E44	32	func_80066E44	high	3	u32	1	0	0		leaf
0x80066E64	152	func_80066E64	high	2	u32	1	0	0		leaf
0x80066EFC	152	func_80066EFC	high	2	u32	1	0	0		leaf
0x80066F94	28	func_80066F94	high	2	u32	1	0	0		leaf
0x80066FB0	128	func_80066FB0	high	1	u32	1	0	0		leaf
0x8006788C	72	func_8006788C	low	1	u32	0	0	0		leaf|orphan
0x800678D4	48	func_800678D4	high	1	u32	0	0	0		leaf|addr_taken
0x80067928	688	func_80067928	medium	4	u32	0	5	40	s0|s1|s2|s3|ra	orphan|indirect
0x80067BD8	608	func_80067BD8	medium	0	u32	1	2	0	s0|s1|ra	addr_taken|orphan|indirect
0x80067E38	336	func_80067E38	verified	1	u32	1	3	24	s0|ra	addr_taken
0x800680C4	52	func_800680C4	medium	0	u32	1	1	24	ra	orphan
0x800680F8	324	func_800680F8	medium	0	u32	3	3	32	ra	orphan
0x8006823C	160	func_8006823C	high	1	u32	1	0	0		leaf
0x800683C8	236	func_800683C8	medium	2	u32	1	4	32	s0|s1|ra	orphan|indirect
0x800684B4	324	func_800684B4	medium	3	u32	1	4	32	s0|s1|s2|ra	orphan|indirect
0x8006871C	36	func_8006871C	high	3	u32	3	0	0		leaf
0x80068748	12	bios_A0_49_GPU_cw	verified	0	void	1	0	0		bios|leaf
0x80068758	60	func_80068758	low	4	u32	2	0	0		leaf|orphan
0x80068798	24	func_80068798	low	2	u32	1	0	0		leaf|orphan
0x800687B8	60	func_800687B8	low	2	u32	0	0	0		leaf|orphan
0x800687F8	40	func_800687F8	high	2	u32	2	0	0		leaf
0x80068828	40	func_80068828	high	2	u32	1	0	0		leaf
0x80068858	20	func_80068858	high	1	u32	1	0	0		leaf
0x80068878	20	func_80068878	low	1	u32	1	0	0		leaf|orphan
0x80068898	20	func_80068898	low	1	u32	0	0	0		leaf|orphan
0x800688B8	44	func_800688B8	low	4	u32	2	0	0		leaf|orphan
0x800688E8	60	func_800688E8	medium	1	u32	5	1	24	ra	orphan
0x80068924	144	func_80068924	low	1	u32	1	0	0		leaf|orphan
0x800689B8	160	func_800689B8	low	1	u32	4	0	0		leaf|orphan
0x80068A60	128	func_80068A60	high	0	u32	1	1	0		gte
0x80068AE8	148	func_80068AE8	low	1	u32	2	0	0		leaf|gte|orphan
0x80068B88	164	func_80068B88	low	0	void	2	1	0		gte|orphan
0x80068C2C	164	func_80068C2C	low	0	void	2	1	0		gte|orphan
0x80068CD8	36	func_80068CD8	high	2	u32	2	0	0		leaf
0x80068D08	312	func_80068D08	low	2	u32	2	0	0		leaf|orphan
0x80068E48	48	func_80068E48	high	1	void	2	0	0		leaf|gte
0x80068E78	32	func_80068E78	high	1	void	2	0	0		leaf|gte
0x80068E98	32	func_80068E98	high	2	void	1	0	0		leaf|gte
0x80068EB8	24	func_80068EB8	high	2	void	1	0	0		leaf|gte
0x80068ED8	12	func_80068ED8	high	1	void	1	0	0		leaf|gte
0x80068EE8	652	func_80068EE8	high	2	u32	4	0	0		leaf
0x80069178	172	func_80069178	high	0	u32	1	3	0		indirect
0x80069258	12	bios_A0_44_FlushCache	verified	0	void	6	0	0		bios|leaf
0x80069268	16	func_80069268	high	0	void	17	0	0		leaf|syscall
0x80069278	16	func_80069278	high	0	void	14	0	0		leaf|syscall
0x80069288	44	func_80069288	verified	2	void	1	1	24	ra	
0x800692B8	96	func_800692B8	verified	0	void	1	1	24	ra	
0x80069318	128	func_80069318	verified	0	u32	1	6	24	ra	
0x80069398	140	func_80069398	high	0	u32	2	0	0	ra	addr_taken|indirect
0x80069424	88	func_80069424	high	1	u32	1	2	0	s0|ra	
0x80069488	128	func_80069488	high	1	u32	1	0	0		leaf
0x80069508	132	func_80069508	verified	4	void	1	1	32	s0|s1|s2|ra	
0x80069598	172	func_80069598	high	1	u32	1	0	0		leaf
0x80069648	52	func_80069648	high	2	u32	2	0	0		leaf
0x80069688	184	func_80069688	high	2	u32	1	0	0		leaf
0x80069748	28	func_80069748	high	3	void	1	0	0		leaf
0x80069768	2332	func_80069768	medium	0	u32	0	5	64	ra	orphan|indirect
0x8006A084	44	func_8006A084	low	3	u32	1	0	0		leaf|orphan
0x8006A0B0	424	func_8006A0B0	medium	4	u32	1	1	48	s0|s1|s2|s3|s4|ra	orphan
0x8006A258	1380	func_8006A258	verified	0	u32	3	2	48	s0|s1|ra	
0x8006A7BC	640	func_8006A7BC	verified	2	u32	3	6	64	s0|s1|s2|s3|s4|s5|s6|s7|fp|ra	indirect
0x8006AA3C	712	func_8006AA3C	verified	2	u32	2	6	64	s0|s1|s2|s3|s4|s5|s6|s7|fp|ra	indirect
0x8006AD04	1036	func_8006AD04	high	4	u32	3	7	0	s0|s1|s2|s3|s4|s5|s6|ra	indirect
0x8006B110	136	func_8006B110	high	1	u32	1	0	0		leaf
0x8006B198	212	func_8006B198	high	0	u32	7	0	0		leaf
0x8006B26C	240	func_8006B26C	high	0	u32	1	0	0		leaf
0x8006B3A8	480	func_8006B3A8	verified	0	u32	1	6	24	ra	
0x8006B7D8	84	func_8006B7D8	verified	1	void	9	2	24	s0|ra	
0x8006B838	260	func_8006B838	high	2	u32	1	0	0		leaf
0x8006B948	32	func_8006B948	medium	0	void	1	1	24	ra	orphan
0x8006B968	20	func_8006B968	high	1	u32	1	0	0		leaf
0x8006B988	32	func_8006B988	verified	0	u32	1	1	24	ra	
0x8006B9A8	36	func_8006B9A8	verified	1	void	1	1	24	ra	
0x8006B9D8	376	func_8006B9D8	high	1	u32	14	1	0	s0|s1|ra	
0x8006BB50	152	func_8006BB50	verified	2	u32	1	3	32	ra	
0x8006BBE8	12	bios_B0_5B_ChangeClearPad	verified	0	void	3	0	0		bios|leaf
0x8006BBF8	12	bios_C0_0A_ChangeClearRCnt	verified	0	void	3	0	0		bios|leaf
0x8006BC08	48	func_8006BC08	high	0	u32	6	0	0	ra	indirect
0x8006BC38	48	func_8006BC38	high	0	u32	4	0	0	ra	indirect
0x8006BC68	48	func_8006BC68	high	0	u32	8	0	0	ra	indirect
0x8006BC98	52	func_8006BC98	verified	1	u32	2	0	24	ra	indirect
0x8006BCCC	48	func_8006BCCC	high	0	u32	3	0	0	ra	indirect
0x8006BD5C	16	func_8006BD5C	high	0	u32	3	0	0		leaf
0x8006BD84	24	func_8006BD84	high	1	u32	4	0	0		leaf
0x8006BE74	464	func_8006BE74	medium	0	u32	0	2	40	s0|s1|s2|s3|s4|ra	orphan|indirect
0x8006C2A4	36	func_8006C2A4	low	2	u32	0	0	0		leaf|orphan
0x8006C2D0	12	bios_A0_72_CdRemove	verified	0	void	0	0	0		bios|leaf|orphan
0x8006C2E8	12	bios_B0_17_ReturnFromException	verified	0	void	1	0	0		bios|leaf|orphan
0x8006C2F8	12	bios_B0_18_SetDefaultExitFromException	verified	0	void	0	0	0		bios|leaf|orphan
0x8006C308	12	bios_B0_19_SetCustomExitFromException	verified	0	void	0	0	0		bios|leaf|orphan
0x8006C318	60	func_8006C318	low	1	u32	0	0	0		leaf|gp|orphan
0x8006C398	88	func_8006C398	medium	0	u32	0	2	24	ra	orphan
0x8006C488	36	func_8006C488	low	2	u32	1	0	0		leaf|orphan
0x8006C4B8	76	func_8006C4B8	medium	0	u32	0	2	24	ra	orphan
0x8006C730	36	func_8006C730	low	2	u32	1	0	0		leaf|orphan
0x8006C76C	16	func_8006C76C	high	0	u32	3	0	0		leaf
0x8006D658	92	func_8006D658	low	3	u32	0	0	0		leaf|orphan
0x8006D6B4	164	func_8006D6B4	low	3	u32	0	0	0		leaf|orphan
0x8006E558	164	func_8006E558	low	2	u32	2	0	0		leaf|orphan
0x8006E608	624	func_8006E608	medium	0	u32	0	7	56	s0|s1|s2|s3|s4|s5|s6|s7|fp|ra	orphan
0x8006E878	520	func_8006E878	medium	2	u32	1	2	56	s0|s1|s2|s3|s4|s5|ra	break|orphan
0x8006EA88	152	func_8006EA88	medium	2	u32	1	1	32	s0|s1|s2|ra	orphan
0x8006EB28	44	func_8006EB28	medium	2	void	1	1	24	ra	orphan
0x8006EB58	252	func_8006EB58	medium	2	u32	1	1	40	s0|s1|s2|s3|ra	orphan
0x8006EC54	580	func_8006EC54	medium	2	u32	1	2	32	s0|s1|s2|ra	orphan
0x8006EE98	940	func_8006EE98	medium	2	u32	1	2	48	s0|s1|s2|s3|s4|s5|ra	orphan|indirect
0x8006F248	252	func_8006F248	low	2	u32	1	0	0		leaf|orphan
0x8006F348	96	func_8006F348	low	2	u32	1	0	0		leaf|orphan
0x8006F3A8	380	func_8006F3A8	verified	1	u32	1	2	24	s0|ra	
0x8006F548	36	func_8006F548	verified	1	void	2	1	24	ra	
0x8006F578	232	func_8006F578	verified	0	u32	1	1	24	ra	
0x8006F668	56	func_8006F668	verified	0	void	1	4	24	ra	
0x8006F6E8	64	func_8006F6E8	high	2	u32	1	0	0		leaf
0x8006F728	316	func_8006F728	medium	3	u32	1	2	48	s0|s1|s2|s3|s4|s5|s6|ra	orphan
0x8006F868	988	func_8006F868	medium	4	u32	1	2	32	s0|s1|s2|ra	break|orphan
0x8006FC80	60	func_8006FC80	medium	4	void	3	1	24	ra	orphan
0x8006FCC8	280	func_8006FCC8	medium	4	u32	1	1	24	ra	orphan
0x8006FDE8	192	func_8006FDE8	verified	3	u32	4	1	64	ra	
0x8006FEA8	80	func_8006FEA8	verified	2	u32	4	1	64	ra	
0x8006FEF8	136	func_8006FEF8	high	2	u32	1	1	0	ra	
0x8006FF88	560	func_8006FF88	verified	1	u32	1	6	32	s0|s1|s2|ra	break
0x800701B8	32	func_800701B8	verified	0	void	1	1	24	ra	
0x80070298	156	func_80070298	high	3	u32	1	0	0		leaf
0x800703D0	52	func_800703D0	high	1	u32	1	0	0		leaf
0x80070408	384	func_80070408	verified	2	u32	2	2	24	s0|ra	
0x800705B0	44	func_800705B0	verified	2	void	5	1	24	ra	
0x800705E8	260	func_800705E8	verified	3	u32	1	1	64	ra	
0x800706F8	536	func_800706F8	high	3	u32	1	0	0		leaf
0x80070918	328	func_80070918	verified	1	u32	1	1	24	s0|ra	
0x80070B60	144	func_80070B60	medium	4	u32	1	1	24	ra	orphan
0x80070C28	540	func_80070C28	low	2	u32	1	0	0		leaf|break|orphan
0x80070E48	320	func_80070E48	verified	0	u32	1	2	104	s0|s1|s2|s3|ra	
0x80070F88	60	func_80070F88	verified	0	u32	1	1	24	ra	
0x80070FC8	260	func_80070FC8	medium	3	u32	0	1	32	s0|s1|ra	orphan
0x800710D8	568	func_800710D8	medium	4	u32	0	1	32	s0|s1|ra	orphan
0x80071318	80	func_80071318	low	1	u32	1	0	0		leaf|orphan
0x80071368	60	func_80071368	medium	1	u32	0	1	24	ra	orphan
0x800713A8	140	func_800713A8	low	2	u32	0	1	0	ra	orphan
0x80071438	156	func_80071438	medium	1	u32	0	2	24	s0|ra	orphan
0x800714E8	60	func_800714E8	medium	1	u32	0	1	24	ra	orphan
0x80071528	32	func_80071528	medium	0	void	0	1	24	ra	orphan
0x80071548	32	func_80071548	medium	0	void	0	1	24	ra	orphan
0x80071568	452	func_80071568	medium	4	u32	0	1	32	s0|s1|ra	orphan
0x80071738	12	func_80071738	high	0	void	1	0	0		leaf
0x80071748	16	func_80071748	low	0	u32	0	0	0		leaf|orphan
0x80071758	1156	func_80071758	high	0	u32	3	5	0	s0|s1|s2|s3|s4|s5|s6|s7|ra	indirect
0x80071BE8	836	func_80071BE8	verified	1	u32	1	5	112	s0|s1|s2|s3|s4|s5|ra	
0x80071F38	1372	func_80071F38	medium	4	u32	0	8	328	s0|s1|s2|s3|s4|s5|s6|s7|fp|ra	orphan
0x80072494	360	func_80072494	low	4	u32	1	2	0	s0|s1|s2|s3|s4|s5|s6|ra	orphan
0x80072728	656	func_80072728	low	0	u32	1	0	0		leaf|orphan
0x800729B8	464	func_800729B8	low	0	u32	1	0	0		leaf|orphan
0x80072B88	52	func_80072B88	medium	0	u32	1	1	24	ra	orphan
0x80072BBC	104	func_80072BBC	medium	2	u32	1	1	24	ra	orphan
0x80072C24	288	func_80072C24	low	4	u32	2	0	0		leaf|orphan
0x80072D48	1408	func_80072D48	medium	1	u32	1	1	40	s0|s1|s2|s3|ra	orphan
0x800732C8	64	func_800732C8	low	1	u32	1	0	0		leaf|orphan
0x80073308	204	func_80073308	high	0	u32	4	0	0		leaf
0x800733D8	1232	func_800733D8	low	2	u32	1	0	0		leaf|orphan
0x800738A8	508	func_800738A8	medium	4	u32	1	1	24	s0|ra	orphan
0x80073AA4	220	func_80073AA4	medium	4	u32	0	2	56	s0|s1|s2|s3|s4|s5|s6|ra	orphan
0x80073B88	112	func_80073B88	medium	3	u32	0	1	32	s0|s1|ra	orphan
0x80073D08	1412	func_80073D08	verified	3	u32	4	1	64	s0|s1|s2|s3|s4|s5|s6|s7|fp|ra	
0x8007428C	100	func_8007428C	low	3	u32	1	0	0		leaf|orphan
0x80074380	184	func_80074380	high	1	u32	4	1	0	s0|s1|s2|ra	
0x80074438	196	func_80074438	low	2	u32	1	0	0		leaf|orphan
0x80074508	1464	func_80074508	medium	4	u32	0	1	64	s0|s1|s2|s3|s4|s5|s6|s7|ra	orphan
0x80074AC8	192	func_80074AC8	high	2	u32	8	0	0		leaf
0x80074B88	16	func_80074B88	high	0	u32	1	0	0		leaf
0x80074B98	12	func_80074B98	high	0	void	1	0	0		leaf
0x80074BA8	128	func_80074BA8	verified	1	u32	2	1	24	s0|ra	
0x80074C28	108	func_80074C28	medium	1	u32	1	1	24	s0|ra	orphan
0x80074C98	52	func_80074C98	medium	2	u32	1	1	24	ra	orphan
0x80074DA8	984	func_80074DA8	medium	4	u32	1	2	1072	s0|s1|s2|s3|s4|s5|s6|ra	orphan|indirect
0x80075188	32	func_80075188	verified	0	void	1	1	24	ra	
0x800751A8	232	func_800751A8	verified	1	u32	1	4	24	s0|ra	
0x80075290	112	func_80075290	high	0	u32	1	5	0	ra	
0x80075308	12	bios_B0_08_OpenEvent	verified	0	void	2	0	0		bios|leaf
0x80075318	12	bios_B0_0C_EnableEvent	verified	0	void	2	0	0		bios|leaf
0x80075328	640	func_80075328	verified	1	u32	1	3	32	s0|s1|ra	
0x800755A8	448	func_800755A8	high	2	u32	2	2	0	s0|s1|s2|s3|ra	
0x800758CC	640	func_800758CC	high	4	u32	2	2	0	s0|ra	
0x80075B4C	132	func_80075B4C	low	2	u32	1	2	0	s0|s1|ra	orphan
0x80075C34	68	func_80075C34	high	3	u32	2	0	0		leaf
0x80075C78	164	func_80075C78	high	2	u32	3	0	0		leaf|break
0x80075DB0	40	func_80075DB0	high	0	u32	1	0	0		leaf
0x80075DD8	40	func_80075DD8	high	0	u32	1	0	0		leaf
0x80075E00	92	func_80075E00	verified	0	u32	2	0	8		leaf
0x80075E68	12	bios_B0_07_DeliverEvent	verified	0	void	0	0	0		bios|leaf|orphan
0x80075E78	36	func_80075E78	verified	1	void	1	1	24	ra	
0x80075EA8	84	func_80075EA8	high	2	u32	1	0	0		leaf
0x80075F08	708	func_80075F08	low	1	u32	0	1	0	s0|s1|s2|s3|ra	orphan
0x800761D8	768	func_800761D8	high	0	u32	2	0	0		leaf
0x800764D8	124	func_800764D8	verified	1	u32	1	1	24	ra	
0x80076558	36	func_80076558	verified	0	void	1	1	24	ra	
0x80076588	700	func_80076588	high	4	u32	2	0	0		leaf
0x80076848	72	func_80076848	low	1	u32	1	0	0		leaf|orphan
0x80076898	204	func_80076898	verified	1	u32	4	1	24	s0|ra	
0x800769E8	140	func_800769E8	high	1	u32	3	0	0		leaf
0x80076A78	1236	func_80076A78	verified	1	u32	5	4	136	s0|s1|s2|s3|s4|s5|s6|s7|fp|ra	
0x80076F58	1232	func_80076F58	high	1	u32	1	0	0		leaf
0x80077428	120	func_80077428	high	1	u32	2	0	0		leaf
0x800774A8	36	func_800774A8	verified	0	void	2	1	24	ra	
0x800774D8	404	func_800774D8	verified	1	u32	2	3	56	s0|s1|s2|s3|s4|s5|ra	
0x80077678	12	bios_B0_0A_WaitEvent	verified	0	void	1	0	0		bios|leaf
0x80077688	444	func_80077688	high	2	u32	1	0	0		leaf
0x80077848	92	func_80077848	medium	1	u32	1	1	24	ra	orphan
0x800778A8	136	func_800778A8	medium	2	u32	1	2	32	s0|s1|ra	orphan
0x80077938	164	func_80077938	low	1	u32	1	1	0	s0|s1|ra	orphan
0x800779E8	12	bios_B0_0B_TestEvent	verified	0	void	4	0	0		bios|leaf
0x800779F8	40	func_800779F8	high	1	u32	3	0	0		leaf
0x80077A20	24	func_80077A20	low	0	u32	1	0	0		leaf|orphan
0x80077A38	892	func_80077A38	high	1	u32	3	0	0		leaf
0x80077DB8	1528	func_80077DB8	verified	1	u32	3	2	56	s0|s1|s2|s3|s4|s5|ra	
0x800783B8	208	func_800783B8	high	4	u32	1	0	0		leaf
0x800785B8	28	func_800785B8	high	2	u32	1	0	0		leaf
0x800785D8	168	BootEntry	low	0	u32	0	2	0		break|gp
0x80078680	112	func_80078680	high	0	void	1	0	0	s0|s1|ra	indirect
0x80078758	12	bios_A0_39_InitHeap	verified	0	void	1	0	0		bios|leaf
0x80078768	44	func_80078768	verified	0	void	1	1	24	ra	
0x800787B4	80	func_800787B4	verified	0	u32	1	3	24	ra	
0x80078844	104	func_80078844	medium	1	u32	3	2	24	ra	orphan
0x80078A80	104	func_80078A80	medium	1	u32	0	2	24	ra	orphan
0x80078D1C	392	func_80078D1C	medium	3	u32	0	8	64	s0|s1|s2|s3|s4|s5|s6|s7|ra	orphan
0x80078EA4	68	func_80078EA4	medium	0	u32	0	1	24	s0|ra	orphan
0x80078EE8	184	func_80078EE8	medium	3	u32	1	2	24	ra	orphan
0x800790DC	184	func_800790DC	medium	3	u32	1	2	24	ra	orphan
0x80079710	608	func_80079710	medium	4	u32	0	11	144	s0|s1|s2|s3|s4|s5|s6|s7|fp|ra	orphan
0x80079970	20	func_80079970	low	1	u32	3	0	0		leaf|orphan
0x80079984	284	func_80079984	low	3	u32	7	0	0		leaf|orphan
0x80079AA0	520	func_80079AA0	medium	3	u32	0	7	80	s0|s1|s2|s3|s4|ra	orphan
0x80079E64	140	func_80079E64	medium	0	u32	1	6	88	ra	orphan
0x80079FA4	84	func_80079FA4	low	1	u32	2	0	0		leaf|orphan
0x8007A07C	92	func_8007A07C	low	2	u32	4	0	0		leaf|orphan
0x8007A0D8	12	bios_B0_32_FileOpen	verified	0	void	2	0	0		bios|leaf|orphan
0x8007A0E8	12	bios_B0_33_FileSeek	verified	0	void	0	0	0		bios|leaf|orphan
0x8007A0F8	12	bios_B0_34_FileRead	verified	0	void	0	0	0		bios|leaf|orphan
0x8007A108	12	bios_B0_36_FileClose	verified	0	void	2	0	0		bios|leaf|orphan
0x8007A118	12	bios_B0_41_FormatDevice	verified	0	void	1	0	0		bios|leaf|orphan
0x8007A128	12	bios_B0_45_FileDelete	verified	0	void	0	0	0		bios|leaf|orphan
0x8007A138	12	bios_A0_AB	verified	0	void	0	0	0		bios|leaf|orphan
0x8007A148	12	bios_A0_AC	verified	0	void	0	0	0		bios|leaf|orphan
0x8007A158	12	bios_B0_4E__card_write	verified	0	void	1	0	0		bios|leaf|orphan
0x8007A168	12	bios_B0_50__new_card	verified	0	void	1	0	0		bios|leaf|orphan
0x8007A178	52	func_8007A178	medium	1	void	0	2	24	s0|ra	orphan
0x8007A1B8	16	func_8007A1B8	high	0	u32	1	0	0		leaf
0x8007A1C8	124	func_8007A1C8	low	0	u32	7	1	0	ra	orphan
0x8007A244	108	func_8007A244	low	0	u32	0	0	0	ra	orphan|indirect
0x8007A2B0	16	func_8007A2B0	low	0	u32	0	0	0		leaf|orphan
0x8007A368	48	func_8007A368	verified	0	void	1	3	24	ra	
0x8007A398	476	func_8007A398	verified	0	u32	1	5	24	s0|ra	
0x8007A574	32	func_8007A574	medium	0	void	0	1	24	ra	orphan
0x8007A594	180	func_8007A594	medium	0	u32	0	3	24	s0|ra	orphan
0x8007A648	264	func_8007A648	high	0	u32	4	1	0	ra	
0x8007A750	216	func_8007A750	medium	0	u32	0	1	24	s0|ra	orphan
0x8007A828	216	func_8007A828	medium	0	u32	2	1	24	s0|ra	orphan
0x8007A900	60	func_8007A900	low	0	u32	0	0	0		leaf|orphan
0x8007A93C	60	func_8007A93C	low	0	u32	0	0	0		leaf|orphan
0x8007A978	12	bios_A0_70__bu_init	verified	0	void	1	0	0		bios|leaf
0x8007A988	12	bios_B0_09_CloseEvent	verified	0	void	1	0	0		bios|leaf|orphan
0x8007A998	108	func_8007A998	verified	1	void	1	8	24	s0|ra	
0x8007AA04	56	func_8007AA04	verified	0	void	1	4	24	ra	
0x8007AA3C	40	func_8007AA3C	medium	0	void	1	2	24	ra	orphan
0x8007AA74	16	func_8007AA74	high	0	u32	1	0	0		leaf
0x8007AC0C	120	func_8007AC0C	medium	0	u32	0	4	24	s0|ra	orphan
0x8007AC84	56	func_8007AC84	medium	0	u32	0	3	24	ra	orphan
0x8007AD68	12	bios_B0_12_InitPad	verified	0	void	0	0	0		bios|leaf|orphan
0x8007AD78	12	bios_B0_13_StartPad	verified	0	void	0	0	0		bios|leaf|orphan
0x8007AD88	12	bios_B0_14_StopPad	verified	0	void	0	0	0		bios|leaf|orphan
0x8007AD98	12	bios_B0_15_OutdatedPadInitAndStart	verified	0	void	0	0	0		bios|leaf|orphan
0x8007ADA8	12	bios_C0_02_SysEnqIntRP	verified	0	void	2	0	0		bios|leaf
0x8007ADB8	12	bios_C0_03_SysDeqIntRP	verified	0	void	4	0	0		bios|leaf
0x8007ADC8	20	func_8007ADC8	low	0	void	0	0	0		leaf|orphan|indirect
0x8007ADDC	20	func_8007ADDC	low	0	void	0	0	0		leaf|orphan|indirect
0x8007ADF0	112	func_8007ADF0	low	0	u32	0	2	0		orphan|indirect
0x8007AE68	104	func_8007AE68	low	0	u32	0	3	0		orphan|indirect
0x8007AED8	12	bios_B0_4A_InitCard	verified	0	void	1	0	0		bios|leaf
0x8007AEE8	12	bios_B0_4B_StartCard	verified	0	void	1	0	0		bios|leaf
0x8007AEF8	12	bios_B0_4C_StopCard	verified	0	void	1	0	0		bios|leaf|orphan
0x8007AFA0	148	func_8007AFA0	high	0	u32	2	2	0		addr_taken|indirect
0x8007B034	112	func_8007B034	high	0	u32	1	3	0		indirect
0x8007B0A4	52	func_8007B0A4	high	0	u32	1	0	0		leaf
0x8007B0D8	112	func_8007B0D8	low	0	u32	1	3	0		orphan|indirect
0x8007B158	48	func_8007B158	high	1	u32	2	0	0		leaf
0x8007B188	236	func_8007B188	low	0	u32	0	0	0		leaf|orphan
0x8007B274	96	func_8007B274	high	0	u32	2	0	0		leaf
0x8007B2D4	84	func_8007B2D4	high	0	u32	2	0	0		leaf
0x8007B328	496	func_8007B328	medium	2	u32	0	1	120	s0|s1|s2|s3|s4|s5|s6|s7|fp|ra	orphan|indirect
0x8007B518	112	func_8007B518	verified	0	u32	2	2	24	ra	
0x8007B7AC	140	func_8007B7AC	medium	3	u32	1	1	24	s0|ra	orphan
0x8007B838	324	func_8007B838	verified	0	u32	1	9	32	s0|s1|ra	
0x8007B97C	268	func_8007B97C	verified	0	u32	1	5	32	s0|s1|ra	
0x8007BA88	580	func_8007BA88	verified	4	u32	5	4	48	s0|s1|s2|s3|s4|s5|ra	
0x8007BCCC	52	func_8007BCCC	verified	3	u32	4	1	32	ra	
0x8007BD00	880	func_8007BD00	verified	4	u32	1	5	136	s0|s1|s2|s3|s4|s5|s6|s7|ra	
0x8007C070	496	func_8007C070	verified	2	u32	8	2	32	s0|s1|ra	
0x8007C260	148	func_8007C260	verified	1	u32	1	2	24	s0|ra	
0x8007C2F4	16	func_8007C2F4	low	0	u32	2	0	0		leaf|orphan
0x8007C4A8	152	func_8007C4A8	verified	0	u32	1	5	24	ra	
0x8007C540	224	func_8007C540	verified	0	u32	1	1	24	s0|ra	
0x8007C620	64	func_8007C620	medium	0	void	1	2	24	ra	orphan
0x8007C660	124	func_8007C660	verified	1	u32	1	1	24	ra	
0x8007C6DC	12	func_8007C6DC	high	1	void	1	0	0		leaf
0x8007C6E8	12	func_8007C6E8	high	1	void	1	0	0		leaf
0x8007C6F4	12	func_8007C6F4	high	1	void	1	0	0		leaf
0x8007C700	12	func_8007C700	high	1	void	1	0	0		leaf
0x8007C70C	24	func_8007C70C	high	1	u32	4	0	0		leaf
0x8007C734	16	func_8007C734	low	0	u32	1	0	0		leaf|orphan
0x8007C744	12	func_8007C744	high	0	u32	2	0	0		leaf
0x8007C760	16	func_8007C760	low	0	u32	1	0	0		leaf|orphan
0x8007C780	16	func_8007C780	high	0	u32	1	0	0		leaf
0x8007C790	64	func_8007C790	verified	1	u32	1	1	24	ra	
0x8007C7D0	472	func_8007C7D0	verified	2	u32	2	3	32	s0|s1|s2|ra	
0x8007CC78	136	func_8007CC78	medium	0	u32	0	2	24	ra	orphan
0x8007CE10	484	func_8007CE10	medium	2	u32	0	0	24	ra	orphan|indirect
0x8007CFF4	648	func_8007CFF4	medium	2	u32	0	0	24	s0|ra	orphan|indirect
0x8007D27C	236	func_8007D27C	medium	1	u32	0	0	24	ra	orphan|indirect
0x8007D3FC	176	func_8007D3FC	medium	2	u32	0	1	24	ra	orphan
0x8007D4AC	120	func_8007D4AC	verified	0	u32	3	1	24	s0|ra	
0x8007D524	16	func_8007D524	high	0	u32	3	0	0		leaf
0x8007D534	16	func_8007D534	high	0	u32	1	0	0		leaf
0x8007D544	72	func_8007D544	high	2	u32	3	0	0		leaf
0x8007D58C	32	func_8007D58C	low	2	u32	4	0	0		leaf
0x8007D5AC	40	func_8007D5AC	low	1	u32	0	0	0		leaf|orphan
0x8007D5D8	40	func_8007D5D8	verified	1	void	3	1	24	ra	
0x8007D608	304	func_8007D608	verified	4	u32	5	5	56	s0|s1|s2|s3|s4|ra	
0x8007D9B8	112	func_8007D9B8	verified	1	u32	5	3	32	s0|s1|ra	
0x8007DA5C	156	func_8007DA5C	verified	1	u32	1	7	24	ra	
0x8007DAF8	28	func_8007DAF8	high	1	u32	1	0	0		leaf
0x8007DB18	212	func_8007DB18	verified	2	u32	1	4	40	s0|s1|s2|ra	
0x8007DC18	736	func_8007DC18	verified	2	u32	4	7	80	s0|s1|s2|s3|s4|s5|s6|ra	
0x8007DEF8	32	func_8007DEF8	verified	0	u32	1	1	24	ra	
0x8007DF18	708	func_8007DF18	verified	0	u32	1	5	64	s0|s1|s2|s3|s4|s5|s6|ra	
0x8007E1DC	164	func_8007E1DC	verified	2	u32	1	1	40	s0|s1|s2|s3|s4|ra	
0x8007E280	668	func_8007E280	high	1	u32	1	5	0	s0|s1|s2|s3|s4|s5|s6|ra	
0x8007E51C	92	func_8007E51C	verified	3	u32	2	3	40	s0|s1|ra	
0x8007E578	128	func_8007E578	high	3	u32	2	0	0		leaf
0x8007E5F8	132	func_8007E5F8	medium	2	u32	0	2	32	s0|s1|ra	orphan
0x8007E67C	100	func_8007E67C	verified	0	u32	1	3	24	s0|ra	
0x8007E6E0	20	func_8007E6E0	high	1	u32	2	0	0		leaf
0x8007EA88	120	func_8007EA88	medium	0	u32	0	6	40	s0|s1|ra	orphan
0x8007EB30	16	func_8007EB30	high	0	u32	1	0	0		leaf
0x8007EB40	80	func_8007EB40	verified	0	u32	3	2	24	s0|ra	
0x8007EB98	36	func_8007EB98	verified	1	void	1	1	24	ra	
0x8007EBC8	36	func_8007EBC8	verified	1	void	1	1	24	ra	
0x8007EBF8	32	func_8007EBF8	medium	0	void	0	1	24	ra	orphan
0x8007EC18	32	func_8007EC18	verified	0	void	1	1	24	ra	
0x8007EC38	56	func_8007EC38	verified	0	void	2	4	24	ra	
0x8007EC78	76	func_8007EC78	medium	0	u32	1	2	24	s0|ra	orphan
0x8007ECC8	32	func_8007ECC8	medium	0	u32	0	1	24	ra	orphan
0x8007ECE8	256	func_8007ECE8	low	2	u32	1	0	0		leaf|orphan
0x8007EDE8	32	func_8007EDE8	medium	0	u32	0	1	24	ra	orphan
0x8007EE08	236	func_8007EE08	low	2	u32	1	0	0		leaf|orphan
0x8007EEF8	260	func_8007EEF8	high	2	u32	7	0	0		leaf
0x8007F008	128	func_8007F008	high	1	u32	6	0	0		leaf
0x8007F088	20	func_8007F088	high	1	u32	1	0	0		leaf
0x8007F0A8	84	func_8007F0A8	verified	1	u32	1	1	24	s0|ra	
0x8007F108	104	func_8007F108	verified	3	u32	1	2	32	s0|s1|ra	
0x8007F178	104	func_8007F178	verified	3	u32	1	2	32	s0|s1|ra	
0x8007F1E8	20	func_8007F1E8	high	1	u32	6	0	0		leaf
0x8007F208	20	func_8007F208	high	1	u32	3	0	0		leaf
0x8007F228	36	func_8007F228	verified	1	void	4	1	24	ra	
0x8007F278	32	func_8007F278	verified	0	void	1	1	24	ra	
0x8007F298	32	func_8007F298	medium	0	void	0	1	24	ra	orphan
0x8007F304	204	func_8007F304	high	0	u32	3	0	0	ra	indirect
0x8007F3D0	248	func_8007F3D0	high	3	u32	1	0	0	s0|s1|ra	indirect
0x8007F644	56	func_8007F644	high	2	u32	1	1	0	s0|ra	indirect
0x8007F67C	72	func_8007F67C	high	3	u32	1	1	0	s0|s1|ra	indirect
0x8007F6C4	72	func_8007F6C4	high	3	u32	1	1	0	s0|s1|ra	indirect
0x8007F830	44	func_8007F830	high	0	u32	1	0	0		leaf
0x8007FA54	20	func_8007FA54	low	0	u32	0	0	0		leaf|orphan
0x8007FA68	204	func_8007FA68	verified	0	u32	1	5	24	s0|ra	indirect
0x8007FB34	68	func_8007FB34	medium	0	void	1	4	24	ra	orphan
0x8007FB78	820	func_8007FB78	medium	1	u32	0	4	32	s0|s1|ra	orphan|indirect
0x8007FEAC	240	func_8007FEAC	medium	1	u32	0	2	24	s0|ra	orphan|indirect
0x8007FF9C	528	func_8007FF9C	medium	2	u32	0	1	40	s0|s1|s2|s3|ra	orphan
0x800801AC	632	func_800801AC	medium	2	u32	0	2	40	s0|s1|s2|s3|ra	orphan
0x80080424	144	func_80080424	medium	0	u32	2	1	24	ra	orphan
0x800804B4	40	func_800804B4	low	0	u32	1	0	0		leaf|orphan
0x800804E8	12	func_800804E8	high	3	void	1	0	0		leaf
0x80080504	132	func_80080504	verified	1	u32	1	3	24	ra	
0x80080588	624	func_80080588	medium	1	u32	0	2	24	s0|ra	orphan|indirect
0x800807F8	56	func_800807F8	low	1	u32	1	0	0		leaf|orphan
0x80080830	212	func_80080830	medium	2	u32	1	0	32	s0|s1|ra	orphan|indirect
0x80080DA4	104	func_80080DA4	verified	2	u32	1	0	32	s0|s1|ra	indirect
0x80080EF0	152	func_80080EF0	verified	3	u32	1	0	40	s0|s1|s2|s3|ra	indirect
0x8008103C	32	func_8008103C	high	2	u32	1	0	0		leaf
0x8008105C	20	func_8008105C	high	1	u32	1	0	0		leaf
0x80081070	32	func_80081070	high	2	u32	1	0	0		leaf
0x80081090	32	func_80081090	low	2	u32	0	0	0		leaf|orphan
0x800810B0	32	func_800810B0	high	2	u32	1	0	0		leaf
0x800810D0	20	func_800810D0	low	1	u32	0	0	0		leaf|orphan
0x800816F8	568	func_800816F8	verified	2	u32	1	3	40	s0|s1|s2|s3|s4|ra	
0x80081F78	48	func_80081F78	high	2	u32	1	0	0		leaf
0x80081FA8	52	func_80081FA8	high	0	u32	1	1	0		leaf
0x80081FDC	624	func_80081FDC	verified	1	u32	2	3	24	ra	addr_taken|indirect
0x80082634	844	func_80082634	medium	1	u32	1	1	40	s0|s1|s2|s3|ra	orphan|indirect
0x80082A38	32	func_80082A38	low	1	u32	3	0	0		leaf|orphan
0x80082A58	160	func_80082A58	low	0	u32	4	0	0		leaf|orphan
